1,767397907473502208,2016-08-21 16:28:13.000000,HillaryClinton,"If you were president, how would you spend $4 billion?  (One guess as to Trump's answer: https://t.co/9wj6zlbB7j)",positive
2,767366136824467456,2016-08-21 14:21:58.000000,HillaryClinton,There is so much more that unites us than divides us. That's why we're the greatest country on Earth. https://t.co/6uZVP0tjK9,positive
3,767354949613346816,2016-08-21 13:37:31.000000,HillaryClinton,This lifelong Republican wrote a letter to his daughter about why he's voting for Hillary this November: https://t.co/iqmnZaR7xN,positive
4,767183928344059904,2016-08-21 02:17:56.000000,HillaryClinton,"It's too late now to say sorry, Donald. https://t.co/TWj7QwEfVh",negative
5,767134737257332737,2016-08-20 23:02:28.000000,HillaryClinton,"If you dream it, you should be able to build it. https://t.co/uArcPunfFy https://t.co/qKg0MOHVBv",positive
6,767123506148630528,2016-08-20 22:17:50.000000,HillaryClinton,This choice is pretty straightforward. https://t.co/8D3Og1UM14 https://t.co/1pbwefsVLy,neutral
7,767104881253548034,2016-08-20 21:03:50.000000,HillaryClinton,Donald Trump has shown us who he is. We should believe him. https://t.co/TWj7QwEfVh,neutral
8,767077465797918723,2016-08-20 19:14:54.000000,HillaryClinton,Trump‚Äôs tax plan could give his own family a $4 billion tax break. Here's what we could do with that money instead: https://t.co/89rNgjYcGk,positive
9,767069710903115778,2016-08-20 18:44:05.000000,HillaryClinton,"RT @Deadspin: ""We don't win anymore."" https://t.co/opLEssKAxA",negative
10,767046604041912320,2016-08-20 17:12:16.000000,HillaryClinton,Let's send Donald Trump a message in November: We're not going back. https://t.co/85ovKr3y2x,positive
11,767007582556786688,2016-08-20 14:37:12.000000,HillaryClinton,"""I don't regret anything."" ‚ÄîDonald Trump, August 2, 2016https://t.co/TWj7QwVQMP",positive
12,766999021537878016,2016-08-20 14:03:11.000000,HillaryClinton,"This week, Donald Trump suddenly tried to claim that he has some ""regrets."" About that... https://t.co/6Igq6bOIZG",neutral
13,766818291344113664,2016-08-20 02:05:02.000000,HillaryClinton,Trump says he hires the best people. This is what he means: https://t.co/FvCVcmLLCY,neutral
14,766783120167280640,2016-08-19 23:45:16.000000,HillaryClinton,RT @MarlonDMarshall: Trump painting the entire African American community as living in poverty with no jobs shows he's completely out of to‚Ä¶,negative
15,766783055721852936,2016-08-19 23:45:01.000000,HillaryClinton,"RT @MarlonDMarshall: Trump questions the citizenship of the first black president, courts white supremacists, and has been sued for housing‚Ä¶",negative
16,766783004379348996,2016-08-19 23:44:49.000000,HillaryClinton,RT @MarlonDMarshall: Donald Trump asks what the African American community has to lose by voting for him. The answer: everything.,negative
17,766780569887834113,2016-08-19 23:35:08.000000,HillaryClinton,RT @mayaharris_: There are no words.  https://t.co/xTSh2R1v6M,negative
18,766776538679443456,2016-08-19 23:19:07.000000,HillaryClinton,This is so ignorant it‚Äôs staggering. https://t.co/t2fZl9sqKs,negative
19,766757098592079872,2016-08-19 22:01:52.000000,HillaryClinton,"When the IOC introduced women's wrestling in 2004, @Helen_Maroulis dreamed of gold. Yesterday that dream came true. https://t.co/ZvyuQYK36v",positive
20,766749220590219265,2016-08-19 21:30:34.000000,HillaryClinton,"RT @rosenbergerlm: When bombs rain down, they rush in. Inspired by the White Helmets &amp; others helping those in need worldwide.  #WHD https:‚Ä¶",positive
21,766741559278698496,2016-08-19 21:00:07.000000,HillaryClinton,So who exactly is advising Trump on foreign policy? https://t.co/OVMdxGT736,negative
22,766730585087893505,2016-08-19 20:16:31.000000,HillaryClinton,Today is @BillClinton's birthday! It's not too late to sign his card here: https://t.co/30Uxor2066,positive
23,766708716263526400,2016-08-19 18:49:37.000000,HillaryClinton,Why do Trump and Putin keep saying all the same things? (Hint: It's not Manafort.)https://t.co/OVMdxHaHUE,neutral
24,766679583890497536,2016-08-19 16:53:51.000000,HillaryClinton,"The flooding in Louisiana is worse than anyone expected, and they need our support. Here's how you can help: https://t.co/nihT10OvRk",negative
25,766648426801029125,2016-08-19 14:50:03.000000,HillaryClinton,"RT @MaddowBlog: Clinton and Trump are confirmed to participate in a ""Commander-in-chief"" forum with @IAVA on @MSNBC September 7th https://t‚Ä¶",neutral
26,766642051844800512,2016-08-19 14:24:43.000000,HillaryClinton,"45 years later, I couldn‚Äôt be happier to have you by my side. Happy birthday, Bill! -H https://t.co/KDhgLsNr7K",positive
27,766447454057295872,2016-08-19 01:31:27.000000,HillaryClinton,Priorities. https://t.co/vcpYClUtxw https://t.co/H9ULZ9f9Hg,positive
28,766439543281156096,2016-08-19 01:00:01.000000,HillaryClinton,RT @AndraDayMusic: I was honored to be a part of history at the DNC. Hillary Clinton is an inspiration for women everywhere.https://t.co/E‚Ä¶,positive
29,766428172615290880,2016-08-19 00:14:50.000000,HillaryClinton,RT @mayaharris_: Hillary‚Äôs college plan will bring about a long-awaited transformation of higher education in America. Here's how: https://‚Ä¶,positive
30,766423274226085892,2016-08-18 23:55:22.000000,HillaryClinton,"RT @sarajacobs89: News from Miami Beach highlighting urgency of the Zika crisis, a public health emergency. Congress needs to act now. http‚Ä¶",negative
31,766413193216401408,2016-08-18 23:15:19.000000,HillaryClinton,"Congrats to @usatf's @Bri_Rollin, @ItsPooda, and @KristiHollywood on their historic podium sweep last night. https://t.co/K0vkob8BOc",positive
32,766403410090483712,2016-08-18 22:36:26.000000,HillaryClinton,Glad to see that the Justice Department is ending the use of private prisons. This is the right step forward. -H https://t.co/5IxHvGULtR,positive
33,766392618712461312,2016-08-18 21:53:33.000000,HillaryClinton,"RT @meredeetch: Even after the 19th was ratified, women of color battled to get to vote. #RosanellEaton had to take a literacy test. https:‚Ä¶",negative
34,766385768516419584,2016-08-18 21:26:20.000000,HillaryClinton,Donald Trump wants to eliminate the estate tax. Doing so could save his family $4 billion and 99.8% of families $0. https://t.co/iEjXi24GGR,negative
35,766353681885212672,2016-08-18 19:18:50.000000,HillaryClinton,"Donald Trump promised to release his tax returns if he ran for office. Now? ""It's none of your business.""https://t.co/ihL7TlW0Xh",negative
36,766340692071383040,2016-08-18 18:27:13.000000,HillaryClinton,RT @timkaine: Hillary's first job was fighting for social justice at @ChildDefender‚Äîit's one of the things I admire most about her https://‚Ä¶,positive
37,766333101203197953,2016-08-18 17:57:03.000000,HillaryClinton,"""@Wired sees only one person running for president who can do the job: Hillary Clinton."" https://t.co/SQ7hsOaHyl",positive
38,766317555631861760,2016-08-18 16:55:17.000000,HillaryClinton,Don't waste it. Make sure you're registered to vote: https://t.co/tTgeqy51PU https://t.co/XA0iPATVmR,neutral
39,766302658592399360,2016-08-18 15:56:05.000000,HillaryClinton,Donald Trump's plan: a multi-billion dollar tax cut for himself and the wealthiest Americans https://t.co/he2KkNcaMm,neutral
40,766289045144109056,2016-08-18 15:01:59.000000,HillaryClinton,"We know that giving millionaires huge tax breaks doesn't help our economy. So why would we try it again, Donald? https://t.co/Js7FhLOZxW",negative
41,766258549634785280,2016-08-18 13:00:49.000000,HillaryClinton,"Does Trump actually pay his fair share in taxes? Until he releases his tax returns, voters won't know for sure. https://t.co/UrZYsUo712",neutral
42,766244071975387136,2016-08-18 12:03:17.000000,HillaryClinton,RT @WIRED: .@HillaryClinton is the best choice for president of the United States: https://t.co/PhRr4uzByZ https://t.co/9884WcdFhP,positive
43,766091955898023936,2016-08-18 01:58:50.000000,HillaryClinton,"At the 1988 Olympic games, Jackie Joyner-Kersee became the first woman to win gold in the long jump for @TeamUSA. https://t.co/SM21RY7QWn",positive
44,766077240438382597,2016-08-18 01:00:21.000000,HillaryClinton,Let‚Äôs make sure it does on Election Day ‚Üí https://t.co/iWKBOE1i18 https://t.co/41ebkLl4pb,neutral
45,766065224717918208,2016-08-18 00:12:37.000000,HillaryClinton,"Trump is running a cynical campaign of hate and fear, and he's got a new campaign chief to match. https://t.co/wSgKlxxebU",negative
46,766049361021300737,2016-08-17 23:09:34.000000,HillaryClinton,"Donald Trump just hired the head of an extreme, right-wing ""news"" organization to run his campaign. https://t.co/tswSCdkiBy",neutral
47,766020053464707073,2016-08-17 21:13:07.000000,HillaryClinton,We can't let @realDonaldTrump become our next president. https://t.co/1zdOOMfync https://t.co/ZvUEIBDGMa,negative
48,766003719213314048,2016-08-17 20:08:12.000000,HillaryClinton,Trump boasts the support of some of the most extreme voices in politics. Now one of them runs his campaign: https://t.co/A6h02WDYfd,neutral
49,765994423276736513,2016-08-17 19:31:16.000000,HillaryClinton,RT @HFA: Hillary has concrete plans to help America succeed.Trump would...build a wall. https://t.co/9s8GSxmXdf https://t.co/UDnxd5Gh8z,positive
50,765981557790244864,2016-08-17 18:40:09.000000,HillaryClinton,"With just 83 days until Election Day, Trump hired one of the most extreme right-wing voices to run his campaign. https://t.co/geausYW6oD",neutral
51,765975309493669888,2016-08-17 18:15:19.000000,HillaryClinton,"RT @TheBriefing2016: Trump‚Äôs new campaign chief is also the guy responsible for running this fringe ""news"" site: https://t.co/dH5lUyybYf",negative
52,765969781916860416,2016-08-17 17:53:21.000000,HillaryClinton,"Donald Trump is still the same man who insults Gold Star families, demeans women, and mocks people with disabilities.",negative
53,765969414554542080,2016-08-17 17:51:54.000000,HillaryClinton,The Trump Loophole would let millionaires cut their tax rates in half and do nothing for 99.8% of Americans. https://t.co/xmbflUy84w,negative
54,765968579451904000,2016-08-17 17:48:35.000000,HillaryClinton,The choice on jobs in this election (it‚Äôs not a hard one). https://t.co/C6X7yq9CQB https://t.co/nv4lJmUdsK,neutral
55,765966433692123136,2016-08-17 17:40:03.000000,HillaryClinton,"If you do your job, you‚Äôre supposed to be rewarded for your work, not stiffed. https://t.co/un2YiRLEYF",positive
56,765965494998462464,2016-08-17 17:36:19.000000,HillaryClinton,"We‚Äôve got to get the economy working for everybody, not just those at the top. Too many families are feeling financial stress.",negative
57,765965080974487552,2016-08-17 17:34:40.000000,HillaryClinton,Watch live: Hillary‚Äôs speaking in Cleveland about building an economy that works for everyone ‚Üí https://t.co/EsqAmcnrnC,positive
58,765898264709304320,2016-08-17 13:09:10.000000,HillaryClinton,One candidate would help millions of hardworking Americans. The other would only help those at the top. https://t.co/qlnXNZiZmh,neutral
59,765744781129547777,2016-08-17 02:59:17.000000,HillaryClinton,"Today, @Simone_Biles landed a spot in history as the first woman from @USAGym to win 4 golds. Well done, Simone! https://t.co/WldxYrC2ep",positive
60,765726870080020481,2016-08-17 01:48:07.000000,HillaryClinton,"If you were born between 1980 and 2002, Hillary has big plans to help you. https://t.co/4XCf0d3j7R",positive
61,765684563368706048,2016-08-16 23:00:00.000000,HillaryClinton,"Trump's idea for a new immigration test: ""Those who...support bigotry and hatred will not be admitted.""Awkward. https://t.co/LZoCq7U8NZ",negative
62,765675613034250240,2016-08-16 22:24:26.000000,HillaryClinton,Closely monitoring the flooding in Louisiana &amp; Mississippi. The @RedCross is helping displaced families in need: https://t.co/sSYTbQMndP -H,positive
63,765643496023728128,2016-08-16 20:16:49.000000,HillaryClinton,"""This man is totally, thoroughly unqualified to be president."" ‚Äî@JoeBiden on @realDonaldTrumphttps://t.co/ZfFj9ZXsfD",negative
64,765626239679946752,2016-08-16 19:08:14.000000,HillaryClinton,"Last night, @allysonfelix won her 7th Olympic medal. Congrats to the most decorated woman in the history of @USATF! https://t.co/3LmdDx8iqn",positive
65,765609303017451520,2016-08-16 18:00:56.000000,HillaryClinton,"It‚Äôs not just that Trump doesn‚Äôt know what he‚Äôs talking about when it comes to national security. His words are dangerous, and they hurt us.",negative
66,765606382271918080,2016-08-16 17:49:20.000000,HillaryClinton,"Be a part of this: Get registered to vote, and ask everyone you know to register, too. https://t.co/tTgeqxNqYm",neutral
67,765604769310400516,2016-08-16 17:42:55.000000,HillaryClinton,"‚Äú@TeamUSA is showing the world what this country stands for. I am proud of our team."" ‚ÄîHillary in Philadelphia: https://t.co/byKmrx9XZy",positive
68,765579185582698497,2016-08-16 16:01:16.000000,HillaryClinton,"You should be able to learn a skill, practice a trade, and make a good living doing it. https://t.co/vNEHs6UJmo",positive
69,765569137439547393,2016-08-16 15:21:20.000000,HillaryClinton,"RT @TeenVogue: ""By harnessing your energy and ideas, we can solve many of the problems we face."" ‚Äî @HillaryClinton https://t.co/q90WpEBtO9",positive
70,765554761231892480,2016-08-16 14:24:13.000000,HillaryClinton,Trump's top adviser was designated $12.7 million from pro-Russia forces in Ukraine. That's the tip of the iceberg. https://t.co/4tYa2Y4nN9,neutral
71,765522203563536384,2016-08-16 12:14:50.000000,HillaryClinton,Donald Trump says he'll create a new test for immigrants.It's a test he'd fail.https://t.co/LZoCq8bJFx,negative
72,765366612786577408,2016-08-16 01:56:34.000000,HillaryClinton,Both candidates have laid out economic plans. See how each would impact your state: https://t.co/BM2Fpk8lwA,neutral
73,765352872016023552,2016-08-16 01:01:58.000000,HillaryClinton,Vice President @JoeBiden had the keys to our Instagram today. Check it out: https://t.co/N09gfgmFmN https://t.co/W6rlqb9C6N,neutral
74,765340564569161728,2016-08-16 00:13:04.000000,HillaryClinton,"""The place of your birth should never be a barrier."" A letter to young undocumented people on DACA's anniversary: https://t.co/4dDrLvefeM",neutral
75,765325690338217984,2016-08-15 23:13:58.000000,HillaryClinton,RT @TheBriefing2016: ‚ÄúHe is a stunning ignoramus on foreign policy and national security.‚Äù https://t.co/h6NmEK07yB,negative
76,765314093473341441,2016-08-15 22:27:53.000000,HillaryClinton,The story of the Rodhams and the Bidens isn't unique. What's unique is the country where those stories were written.https://t.co/xUQW6ashqy,positive
77,765294117647777792,2016-08-15 21:08:30.000000,HillaryClinton,"RT @HillaryforCO: On the fourth anniversary of #DACA, Juan remembers that ""glass ceiling-shattering moment""‚Üí https://t.co/kt4nl4RQj0",positive
78,765288353419890688,2016-08-15 20:45:36.000000,HillaryClinton,We have some questions about Donald Trump's cozy relationship with Russia. https://t.co/N6ySNILYMx,neutral
79,765276731406184448,2016-08-15 19:59:25.000000,HillaryClinton,"Whenever you hear Trump talk about foreign policy, picture him in the Situation Room making decisions for all of us. https://t.co/7QBVFziTdN",neutral
80,765270946693382145,2016-08-15 19:36:26.000000,HillaryClinton,"You oppose reproductive rights, support ""conversion therapy,"" and proposed a Muslim ban. https://t.co/H04wanQIub",negative
81,765266030461607940,2016-08-15 19:16:54.000000,HillaryClinton,RT @igorvolsky: I bet Trump himself would fail his new immigration screening test of American values. #extremevetting https://t.co/JdxrGZki‚Ä¶,negative
82,765256538038599681,2016-08-15 18:39:11.000000,HillaryClinton,RT @TheBriefing2016: In case you needed a reminder that Donald Trump doesn‚Äôt know a thing about national security. https://t.co/1DA0d8j484,negative
83,765256097930305536,2016-08-15 18:37:26.000000,HillaryClinton,RT @PolitiFact: ICYMI: Donald Trump is against gay marriage. https://t.co/4XPeFxAolR,negative
84,765255239356260353,2016-08-15 18:34:01.000000,HillaryClinton,Trump's candidacy alone is undermining our national security.Imagine if he were to become president. https://t.co/OynjnrHsAj,negative
85,765247799697039360,2016-08-15 18:04:27.000000,HillaryClinton,"RT @JoeBiden: ""It is never, never, never ever been a good bet to bet against the United States of America."" -VP Biden",positive
86,765247533727834112,2016-08-15 18:03:24.000000,HillaryClinton,"‚ÄúShe‚Äôs strong. She‚Äôs respected. She‚Äôs admired. There‚Äôs nothing that she doesn‚Äôt understand about America‚Äôs place in the world."" ‚Äî@JoeBiden",positive
87,765246708548771840,2016-08-15 18:00:07.000000,HillaryClinton,"""It‚Äôs a recipe for playing into the hands of terrorists and their propaganda.‚Äù ‚Äî@JoeBiden on Trump‚Äôs foreign policy rhetoric",negative
88,765246387319664640,2016-08-15 17:58:50.000000,HillaryClinton,"""Trump‚Äôs ideas are not only profoundly wrong, they‚Äôre dangerous and they‚Äôre very un-American.‚Äù ‚Äî@JoeBiden https://t.co/tV4Cfp982z",negative
89,765244489120219136,2016-08-15 17:51:18.000000,HillaryClinton,"""Donald Trump has no clue what it takes to lead this great country.‚Äù ‚Äî@JoeBiden",negative
90,765244292638056448,2016-08-15 17:50:31.000000,HillaryClinton,‚ÄúThis guy doesn‚Äôt care about the middle class...he doesn‚Äôt understand it. He doesn‚Äôt have a clue.‚Äù ‚Äî@JoeBiden on Donald Trump,negative
91,765243353520828416,2016-08-15 17:46:47.000000,HillaryClinton,"‚ÄúThere‚Äôs only one person in this election who will...help you, and that is Hillary Clinton.‚Äù ‚Äî@JoeBiden",positive
92,765241961443917824,2016-08-15 17:41:15.000000,HillaryClinton,"RT @JoeBiden: ""Everyone is entitled to be treated with dignity and respect... and America can be defined in one single word ‚Äî 'possibilitie‚Ä¶",positive
93,765241534908334080,2016-08-15 17:39:34.000000,HillaryClinton,"""What Hillary‚Äôs all about is making sure every one of you‚Ä¶can look your child in the eye and say‚Ä¶everything is gonna be ok.‚Äù ‚Äî@JoeBiden",positive
94,765240818848391168,2016-08-15 17:36:43.000000,HillaryClinton,"‚ÄúNo one is more worthy than you, and everyone is your equal.‚Äù ‚Äî@JoeBiden",positive
95,765240654855303169,2016-08-15 17:36:04.000000,HillaryClinton,"""Home is where your character is stamped, where it‚Äôs stamped into your soul. Where your values are set.‚Äù ‚Äî@JoeBiden",neutral
96,765239834457800705,2016-08-15 17:32:48.000000,HillaryClinton,"‚ÄúAs Scranton has always had my back, we‚Äîall of us‚Äîare going to have your back, Hillary.‚Äù ‚Äî@JoeBiden",positive
97,765238901950808065,2016-08-15 17:29:06.000000,HillaryClinton,Take out your phone and text JOIN to 47246.We‚Äôre hiring organizers right here in Pennsylvania and across the country.,neutral
98,765238753225048064,2016-08-15 17:28:30.000000,HillaryClinton,There‚Äôs no doubt about it‚ÄîDonald Trump is temperamentally unfit and totally unqualified to be president of the United States.,negative
99,765238605837111300,2016-08-15 17:27:55.000000,HillaryClinton,"""A man you can bait with a tweet is not a man you can trust with nuclear weapons.‚Äù ‚ÄîHillary on @realDonaldTrump",negative
100,765238409669537792,2016-08-15 17:27:08.000000,HillaryClinton,"Trump says he won‚Äôt tell anyone what he‚Äôll do about ISIS because he wants to keep his plan ‚Äúsecret.‚ÄùWell, the secret is he has no plan.",negative
101,765237372644646914,2016-08-15 17:23:01.000000,HillaryClinton,Providing a ‚ÄúTrump Kids Club‚Äù for your paying customers is not the same thing as providing real child care for your workers.,negative
102,765237193518485504,2016-08-15 17:22:19.000000,HillaryClinton,"Under Trump's child care plan, hardworking families that can‚Äôt afford child care in the first place would get little to no real help.",negative
103,765236752336429056,2016-08-15 17:20:33.000000,HillaryClinton,"Trump wants to eliminate the Estate Tax. It would save the Trump family $4 billion, but it would do nothing for 99.8% of Americans.",negative
104,765236534782128128,2016-08-15 17:19:41.000000,HillaryClinton,Trump's called for a new tax loophole‚Äîthe Trump Loophole. He'd pay less than half the current tax rate on income from many of his companies.,negative
105,765236323863130112,2016-08-15 17:18:51.000000,HillaryClinton,"Donald Trump would give trillions in tax cuts to big corporations, millionaires, and Wall Street money managers.",neutral
106,765236024654127104,2016-08-15 17:17:40.000000,HillaryClinton,We‚Äôre going to make college debt-free for all and help millions of people struggling with existing student debt: https://t.co/l3h7YDCX3d,positive
107,765235662043873282,2016-08-15 17:16:13.000000,HillaryClinton,Under @POTUS and @JoeBiden:‚úì Our businesses created 15 million new jobs.‚úì 20 million people have health care.https://t.co/2SCUXK3VAP,positive
108,765235420724625408,2016-08-15 17:15:16.000000,HillaryClinton,"No matter what Donald Trump says, America is great, and the American Dream is big enough for everyone to share in its promise.",positive
109,765235166012932096,2016-08-15 17:14:15.000000,HillaryClinton,"""No matter where life takes me I always remember I am the granddaughter of a factory worker and the daughter of a small business owner.""",neutral
110,765234289789267968,2016-08-15 17:10:46.000000,HillaryClinton,Joe is now leading a new Cancer Moonshot initiative to fund breakthroughs and save lives in honor of his son Beau. https://t.co/ofgoaD7t0V,positive
111,765234117143302144,2016-08-15 17:10:05.000000,HillaryClinton,Joe passionately believes in the basic bargain that makes America great‚Äîthat our economy should work for everyone‚Äînot just those at the top.,positive
112,765233814255857664,2016-08-15 17:08:53.000000,HillaryClinton,"""No matter how far he travels, @JoeBiden never forgets where he‚Äôs from."" ‚ÄîHillary in Scranton https://t.co/UnJ1zs3qXW",neutral
113,765232984031109120,2016-08-15 17:05:35.000000,HillaryClinton,".@JoeBiden‚Äôs hitting the trail with Hillary in Scranton, folks. Tune in now: https://t.co/zFvHUT7UQ2 https://t.co/xbqUILQKGB",neutral
114,765215206289080320,2016-08-15 15:54:56.000000,HillaryClinton,"Four years in, DACA has helped more than 700,000 undocumented people to live without fear. Let's build on it: https://t.co/Xw6IkKPSIQ",positive
115,765186092597477377,2016-08-15 13:59:15.000000,HillaryClinton,"If Donald Trump becomes president, he'll game America's whole tax system to make himself richer. Seriously. https://t.co/s82te3rlRP",negative
116,765163960504950784,2016-08-15 12:31:18.000000,HillaryClinton,"Trump says, ""I know more about ISIS than the generals do, believe me."" You know what? We don't.https://t.co/OynjnrpRbJ",negative
117,764996549558534144,2016-08-15 01:26:05.000000,HillaryClinton,The senseless murders of Imam Maulama Akonjee and Thara Uddin are heartbreaking. This kind of heinous act has no place in America. -H,negative
118,764994984022052865,2016-08-15 01:19:51.000000,HillaryClinton,No family should have to spend more than 10% of its income on quality child care. https://t.co/ReC2DZCjlM https://t.co/TFYDN6VYJj,neutral
119,764970778852986880,2016-08-14 23:43:40.000000,HillaryClinton,"Yesterday, @ShotDiva made Olympic history with her gold medal in women's shot put (@TeamUSA's first!). https://t.co/ih1HYqnP8U",positive
120,764921157103517700,2016-08-14 20:26:30.000000,HillaryClinton,"Well said, Coach Auriemma. Keep winning, @USABasketball. https://t.co/1paG3IC51b",positive
121,764890514713899008,2016-08-14 18:24:44.000000,HillaryClinton,"59 million Americans get help from Social Security. On its 81st anniversary, let's recommit to protecting it. https://t.co/1YMaSX14VF",positive
122,764582239539699712,2016-08-13 21:59:45.000000,HillaryClinton,This is what @realDonaldTrump would do to your state's economy. https://t.co/t59VH8sa9e,neutral
123,764550974237179904,2016-08-13 19:55:31.000000,HillaryClinton,"RT @johnpodesta: Farmers and ranchers are central to our economy, energy &amp; food security. Our plan to help: https://t.co/iv6kT3vumd https:/‚Ä¶",positive
124,764527930777202688,2016-08-13 18:23:57.000000,HillaryClinton,The choice on jobs is pretty clear: See how your state would fare under Hillary vs. Trump. https://t.co/xIrmB63qg6,neutral
125,764497479182196736,2016-08-13 16:22:57.000000,HillaryClinton,We need to make sure every American has high-speed internet access. And we will: https://t.co/jAszaFw1t3 https://t.co/fPOueqdTba,positive
126,764462062776950785,2016-08-13 14:02:13.000000,HillaryClinton,Press play for a preview of the new campaign podcast With Her. Stream the full episode here: https://t.co/3B2EmK8eDchttps://t.co/G6TVuRAgIO,neutral
127,764286957547577344,2016-08-13 02:26:25.000000,HillaryClinton,"As track and field begins, we're honoring Wilma Rudolph: the first U.S. woman to win 3 track golds in one Olympics. https://t.co/HW10MpbVuR",positive
128,764231854690013189,2016-08-12 22:47:27.000000,HillaryClinton,"RT @timkaine: Just released my tax returns, @realDonaldTrump. Where are yours? https://t.co/PgQ6XIGTqg",neutral
129,764219041020055552,2016-08-12 21:56:32.000000,HillaryClinton,Many people are saying Trump won't release his tax returns because he's hiding something. What do you think it is?,negative
130,764195293244059648,2016-08-12 20:22:10.000000,HillaryClinton,RT @TheBriefing2016: Wonder what Trump's hiding in his tax returns? Tap through the reel to see some of the best guesses! https://t.co/XARm‚Ä¶,neutral
131,764186498044456961,2016-08-12 19:47:13.000000,HillaryClinton,LGBT kids are perfect the way they are. They deserve love and acceptance‚Äînot bullying and violence. https://t.co/RXcjvISf3O,positive
132,764172372408664067,2016-08-12 18:51:05.000000,HillaryClinton,RT @HFA: RT if you agree: Every student should learn computer science. https://t.co/IzFbWB4I1I,neutral
133,764162285485092864,2016-08-12 18:11:00.000000,HillaryClinton,"RT @MalalaFund: ""We cannot succeed when half of us are held back. Education is the only solution.""‚ÄîMalala #YouthDay https://t.co/v4E47uT4UM",positive
134,764148577643929600,2016-08-12 17:16:32.000000,HillaryClinton,"Last night, U.S. Olympic swimmer @Simone_Manuel won gold and made history. https://t.co/fShTxbpX2x",positive
135,764137101004795904,2016-08-12 16:30:56.000000,HillaryClinton,RT @timkaine: Housing discrimination cuts right to the heart of who we are as a society. We need to do all we can to fight it: https://t.co‚Ä¶,negative
136,764133361560485888,2016-08-12 16:16:04.000000,HillaryClinton,Here's a pretty incredible fact: There is a non-zero chance that Donald Trump isn't paying *any* taxes. https://t.co/Aefxj6CKCd,neutral
137,764122715812945920,2016-08-12 15:33:46.000000,HillaryClinton,Here's why Donald Trump might be refusing to release his tax returns: https://t.co/M4MSBonNyo,negative
138,764119077732442112,2016-08-12 15:19:19.000000,HillaryClinton,You can also listen to the first episode of With Her by streaming here: https://t.co/BVmjS8MFWn,neutral
139,764113674239901700,2016-08-12 14:57:51.000000,HillaryClinton,RT @maxlinsky: I'm doing a new podcast that will run through Election Day and @hillaryclinton is my co-host  https://t.co/FhBROuw0zy,neutral
140,764105343978930176,2016-08-12 14:24:45.000000,HillaryClinton,"üéß Just launched: With Her, our official campaign podcast. Subscribe and listen to Episode 1: https://t.co/IIzDVOt3r4",neutral
141,764072221933318144,2016-08-12 12:13:08.000000,HillaryClinton,Why is @realDonaldTrump refusing to release his tax returns? Some ideas:https://t.co/M4MSBo6c9O,negative
142,763906007600803840,2016-08-12 01:12:39.000000,HillaryClinton,".@TeamUSA at the White House, circa 2000. #TBThttps://t.co/cix9dny7PU",neutral
143,763873378897985536,2016-08-11 23:03:00.000000,HillaryClinton,"Congrats on bringing home the gold and silver, Simone and Aly. We‚Äôre all so proud of you! -H https://t.co/oqYrHXmZTH",positive
144,763845551628574720,2016-08-11 21:12:25.000000,HillaryClinton,Trump wants America to work for him and his friends.We need to build an economy that works for everyone.https://t.co/p0bpzITUpv,neutral
145,763837665246576640,2016-08-11 20:41:05.000000,HillaryClinton,RT @HFA: The choice on climate change couldn't be more stark: https://t.co/K745PdjVmW. https://t.co/us7OyJcdx4,negative
146,763827045503737860,2016-08-11 19:58:53.000000,HillaryClinton,It's not just a value‚Äîit's a real plan. https://t.co/OvGzoPTtwg https://t.co/hI6Ip27HHm,positive
147,763817323476180997,2016-08-11 19:20:15.000000,HillaryClinton,RT @mpshapiro: .@HillaryClinton hits the Trump Loophole - his backdoor tax break for billionaires like himself. Read about it here: https:/‚Ä¶,negative
148,763804911758893056,2016-08-11 18:30:56.000000,HillaryClinton,Let‚Äôs go out and build the future. https://t.co/OvGzoPTtwg,positive
149,763803468347928577,2016-08-11 18:25:12.000000,HillaryClinton,"""One of the reasons I asked Tim Kaine to be my running mate is that he...has a record of working across the aisle."" https://t.co/CNwtLVWl8n",positive
150,763802816762802176,2016-08-11 18:22:36.000000,HillaryClinton,"Strengthening unions doesn‚Äôt just serve their members‚Äîit leads to better pay, benefits, and working conditions for all employees.",positive
151,763801168950820868,2016-08-11 18:16:04.000000,HillaryClinton,"Trump wants to give trillions in tax breaks to people like himself.Instead, let‚Äôs invest in our veterans, kids, schools and police.",1
152,763800955573956608,2016-08-11 18:15:13.000000,HillaryClinton,The 400 richest taxpayers in America would get an average tax cut of more than $15 million a year from the Trump loophole.,1
153,763800851693568001,2016-08-11 18:14:48.000000,HillaryClinton,Trump wants to eliminate the estate tax. What that would mean: his family gets a $4 billion tax cut. 99.8% of Americans get nothing.,1
154,763800602837123072,2016-08-11 18:13:49.000000,HillaryClinton,"Trump would give trillions in tax cuts to big corporations, millionaires, and Wall Street money managers. https://t.co/tymag0QkLx",1
155,763800264939888640,2016-08-11 18:12:28.000000,HillaryClinton,Multi-millionaires should not be able to pay a lower tax rate than their secretaries: https://t.co/XFX93S1Vgh,1
156,763799783999991808,2016-08-11 18:10:33.000000,HillaryClinton,"Every employee, from the CEO suite to the factory floor, contributes to a business‚Äô success, so everybody should share in the rewards.",1
157,763799532874399744,2016-08-11 18:09:34.000000,HillaryClinton,One positive thing Trump could do to make America great again?Actually make great things in America: https://t.co/lg8Xqwblam,1
158,763799303831822336,2016-08-11 18:08:39.000000,HillaryClinton,"If @TeamUSA was as fearful as Trump, Michael Phelps and Simone Biles would be cowering in the locker room.America isn‚Äôt afraid to compete.",1
159,763799123116064768,2016-08-11 18:07:56.000000,HillaryClinton,"Trump may talk a big game on trade, but his approach is based on fear, not strength‚Äîfear that we can‚Äôt compete with the rest of the world.",1
160,763798669971886080,2016-08-11 18:06:08.000000,HillaryClinton,"""As president, I will stand up to China and anyone else who tries to take advantage of American workers and companies."" ‚ÄîHillary",1
161,763798465746968576,2016-08-11 18:05:19.000000,HillaryClinton,We‚Äôre going to invest in union training programs and apprenticeship programs so you can earn while you learn: https://t.co/sbbiIqIz0c,1
162,763797895111933952,2016-08-11 18:03:03.000000,HillaryClinton,"A four-year degree shouldn‚Äôt be the only path to a good job. You should be able to learn a skill, practice a trade, and make a good living.",1
163,763797656846102529,2016-08-11 18:02:06.000000,HillaryClinton,"It‚Äôs not right that Donald Trump can ignore his debts, but students and families can‚Äôt refinance theirs.",1
164,763797484699283456,2016-08-11 18:01:25.000000,HillaryClinton,Let‚Äôs fight to make college tuition-free for the middle class and debt-free for everyone: https://t.co/BNZJ6ScplY,1
165,763797117391560704,2016-08-11 17:59:58.000000,HillaryClinton,"The people taking care of our children and our parents deserve a good wage, good benefits, and a secure retirement.",1
166,763796425037713408,2016-08-11 17:57:13.000000,HillaryClinton,Donald Trump has spent his whole career stiffing small businesses. https://t.co/i51CBQ9lKM,1
167,763795918936236032,2016-08-11 17:55:12.000000,HillaryClinton,We‚Äôre going to invest $10 billion in ‚ÄúMake it in America‚Äù partnerships to support American manufacturing: https://t.co/21iaJ5hq7X,1
168,763795811771777024,2016-08-11 17:54:46.000000,HillaryClinton,"""Some country is going to be the clean energy superpower of the 21st century and create millions of jobs...I want it to be us."" ‚ÄîHillary",1
169,763795154566320132,2016-08-11 17:52:10.000000,HillaryClinton,"Starting on day one, we will work with both parties to pass the biggest investment in new, good-paying jobs since World War II.",1
170,763794635206582272,2016-08-11 17:50:06.000000,HillaryClinton,One of the many stark choices we face in this election. https://t.co/sCQJXB7mEV,1
171,763794244964347904,2016-08-11 17:48:33.000000,HillaryClinton,"Every American willing to work hard should be able to find a job that provides dignity, pride, and decent pay that can support a family.",1
172,763793648504938496,2016-08-11 17:46:11.000000,HillaryClinton,"We are resilient, determined, and hard-working. There‚Äôs nothing America can‚Äôt do if we do it together.",1
173,763793285219438592,2016-08-11 17:44:44.000000,HillaryClinton,"When Trump visited Detroit on Monday he talked only of failure, poverty, and crime.He‚Äôs missing so much about what makes Michigan great.",1
174,763792253190041600,2016-08-11 17:40:38.000000,HillaryClinton,Hillary is speaking live from Detroit on the economy. Don‚Äôt miss it. Tune in now: https://t.co/YgVauYf0Ol,1
175,763786270237687808,2016-08-11 17:16:51.000000,HillaryClinton,"Anyone willing to sink so low, so often should never be allowed to serve as our Commander-in-Chief.",1
176,763786048702967808,2016-08-11 17:15:59.000000,HillaryClinton,"No, Barack Obama is not the founder of ISIS.",1
177,763785696041730049,2016-08-11 17:14:35.000000,HillaryClinton,"It can be difficult to muster outrage as frequently as Donald Trump should cause it, but his smear against President Obama requires it.",1
178,763779605325029376,2016-08-11 16:50:22.000000,HillaryClinton,RT @TheBriefing2016: Donald Trump‚Äôs tax plan mostly helps...Donald Trump. And people like him at the top. https://t.co/5luTzXmZDP,1
179,763773523680722944,2016-08-11 16:26:12.000000,HillaryClinton,1979. https://t.co/VYTglhPyfO,1
180,763742392503730176,2016-08-11 14:22:30.000000,HillaryClinton,"Unlike Donald Trump's, our campaign is about issues‚Äînot insults. https://t.co/puVZP5iFRE https://t.co/pB0DcV1TeP",1
181,763565546512248832,2016-08-11 02:39:47.000000,HillaryClinton,My heart breaks for the family of the officer killed in Arkansas today. Grateful for his service to his community. -H,1
182,763540143034609667,2016-08-11 00:58:50.000000,HillaryClinton,Our kids see the president as a role model. How will they see Donald Trump?https://t.co/xOxe3LdL70,1
183,763525720408727552,2016-08-11 00:01:32.000000,HillaryClinton,"Who benefits from Donald Trump's ""new"" economic plan? Rich people like Donald Trump. https://t.co/fDTcHhgCbz",1
184,763498205095006208,2016-08-10 22:12:11.000000,HillaryClinton,"Young people face tough challenges, but they have the ability to do something about it: Vote. https://t.co/dm98k71nf1",1
185,763495402729504768,2016-08-10 22:01:03.000000,HillaryClinton,We're also going to make sure future generations inherit a cleaner planet‚Äîand create millions of jobs along the way. https://t.co/HvrbycAnAy,1
186,763492199480918016,2016-08-10 21:48:20.000000,HillaryClinton,Let's make it easier for young people to start businesses and fulfill their dreams. https://t.co/cJzNCnaahh https://t.co/vZHW9VZKDT,1
187,763489695439450112,2016-08-10 21:38:23.000000,HillaryClinton,"And, unlike @realDonaldTrump, we're gonna make it easier for people who *aren't* celebrities to get apprenticeships. https://t.co/SdCUIITwuY",1
188,763486995448532992,2016-08-10 21:27:39.000000,HillaryClinton,Young Americans have the most to gain from Hillary's economic plan‚Äîand the most to lose under Trump's policies. https://t.co/V1u6kLTjNy,1
189,763484156827471873,2016-08-10 21:16:22.000000,HillaryClinton,"When you dig deeper, you see that young people of color have faced even greater challenges. That has to change. https://t.co/8mpMkHn2sH",1
190,763481807425773568,2016-08-10 21:07:02.000000,HillaryClinton,Young people were among the hardest hit during the great recession‚Äîand the effects still linger. https://t.co/XFIZKrCHxF,1
191,763462413094096896,2016-08-10 19:49:58.000000,HillaryClinton,Imagine how you'll feel the day after the election if we haven't joined together to chart a course of optimism. https://t.co/tTgeqxNqYm,1
192,763460795644641280,2016-08-10 19:43:32.000000,HillaryClinton,"""I am humbled and moved by the Republicans who are willing to stand up and say that Donald Trump does not represent their values.‚Äù ‚ÄîHillary",1
193,763460083313434625,2016-08-10 19:40:42.000000,HillaryClinton,"Donald Trump has spent his career stiffing small businesses, refusing to pay them what they‚Äôre owed. https://t.co/un2YiRLEYF",1
194,763459929143410689,2016-08-10 19:40:06.000000,HillaryClinton,"RT @HillaryforIA: ‚ÄúWhen they have student debt, we‚Äôll put a three year moratory on that so they can start their own businesses!‚Äù‚Äî@HillaryCl‚Ä¶",1
195,763459256054145024,2016-08-10 19:37:25.000000,HillaryClinton,We can be the clean energy superpower of the 21st Century. https://t.co/Zb8w0tLYkS,1
196,763458963975340032,2016-08-10 19:36:16.000000,HillaryClinton,We are living off of the infrastructure built by our parents and grandparents. It‚Äôs overdue for upgrades: https://t.co/KjhFN0QS2c,1
197,763458289149575168,2016-08-10 19:33:35.000000,HillaryClinton,We‚Äôre going to make the biggest investment in good-paying jobs since World War II: https://t.co/NC6FHkl53y,1
198,763457118578114561,2016-08-10 19:28:56.000000,HillaryClinton,Hillary's talking about the economy in Des Moines. Tune in now to watch: https://t.co/5VPr9qVgkv,1
199,763435041628315648,2016-08-10 18:01:12.000000,HillaryClinton,"If you're a millionaire, you'll do great under Trump's economic plan. Everyone else? Well...Take a look: https://t.co/zavnOS2RdL",1
200,763420047004037120,2016-08-10 17:01:37.000000,HillaryClinton,"""The time has come for Republicans...to repudiate Mr. Trump once and for all."" ‚Äî@nytimes https://t.co/yMKCpKMC4l",1
201,763167345405784064,2016-08-10 00:17:28.000000,realDonaldTrump,Thank you @SenatorFischer! #TrumpPence16https://t.co/RMtU6aRZTQ,positive
202,763119571309998083,2016-08-09 21:07:38.000000,realDonaldTrump,"Thank you Wilmington, North Carolina!#MakeAmericaGreatAgain https://t.co/ZnnaSPF5or",positive
203,763115058058629120,2016-08-09 20:49:42.000000,realDonaldTrump,RT @NRA: But there IS something we will do on #ElectionDay: Show up and vote for the #2A! #DefendtheSecond #NeverHillary,positive
204,763115041675706368,2016-08-09 20:49:38.000000,realDonaldTrump,"RT @NRA: .@RealDonaldTrump is right. If @HillaryClinton gets to pick her anti-#2A #SCOTUS judges, there‚Äôs nothing we can do. #NeverHillary",negative
205,763106393922600960,2016-08-09 20:15:16.000000,realDonaldTrump,"RT @Carl_C_Icahn: 2/2  How many of our presidents, even our great presidents, would have handled the antics that went on in that auditorium‚Ä¶",neutral
206,763106383092977664,2016-08-09 20:15:14.000000,realDonaldTrump,RT @Carl_C_Icahn: 1/2   Believe Trump gave a great speech.,positive
207,762982360853905408,2016-08-09 12:02:25.000000,realDonaldTrump,"""@LinHen23:  @foxandfriends Loved Trump's answers to voters questions this morning! Trump's economic plan will help #MAGA #NeverHillary""",positive
208,762982142783676416,2016-08-09 12:01:33.000000,realDonaldTrump,"""@sprts08: @realDonaldTrump @foxandfriends great interview.....all solid points on our economy TRUMP2016""",positive
209,762981606755856384,2016-08-09 11:59:25.000000,realDonaldTrump,"I am running against the Washington insiders, just like I did in the Republican Primaries. These are the people that have made U.S. a mess!",negative
210,762974889275953152,2016-08-09 11:32:43.000000,realDonaldTrump,Will be interviewed on @foxandfriends now!,neutral
211,762842126900015105,2016-08-09 02:45:10.000000,realDonaldTrump,Being in Detroit today was wonderful. Quick stop in Ohio to meet with some of our great supporters. Just got back home!,positive
212,762815755423518720,2016-08-09 01:00:23.000000,realDonaldTrump,"RT @FieldofFight: We Can Do Better, We Must Do Better, We Will Do Better By LTG (R) Keith Kellogg and LTG (R) Michael Flynn @GenFlynn http‚Ä¶",positive
213,762790167732035585,2016-08-08 23:18:42.000000,realDonaldTrump,"'As Senator Clinton promised 200,000 jobs in Upstate New York - her efforts fell flat.' https://t.co/I2WqZb5N8P https://t.co/i5S3mtJWpe",negative
214,762781826549030912,2016-08-08 22:45:33.000000,realDonaldTrump,Many people are saying that the Iranians killed the scientist who helped the U.S. because of Hillary Clinton's hacked emails.,negative
215,762781418778791936,2016-08-08 22:43:56.000000,realDonaldTrump,Thank you Newt!  https://t.co/Acg0hMvrpr,positive
216,762777166476025856,2016-08-08 22:27:02.000000,realDonaldTrump,Thank you Congressman Steven Palazzo! https://t.co/R5Z4CGfjqJ https://t.co/XGSIJJQiGJ,positive
217,762776440681095169,2016-08-08 22:24:09.000000,realDonaldTrump,Thank you Senator David Perdue!https://t.co/d0dCUZ20jf https://t.co/LmfiGByFPb,positive
218,762775525756514304,2016-08-08 22:20:31.000000,realDonaldTrump,Thank you @RepLouBarletta!https://t.co/bre8u93vac https://t.co/eKtSXUw51R,positive
219,762774321580367872,2016-08-08 22:15:44.000000,realDonaldTrump,Thank you @NFIB- together we will #MakeAmericaGreatAgain!  https://t.co/wQQIHQKsdK,positive
220,762773468479889409,2016-08-08 22:12:21.000000,realDonaldTrump,Thank you!  https://t.co/4p0hzpkVWF,positive
221,762771974657495041,2016-08-08 22:06:25.000000,realDonaldTrump,Thank you Alex!  https://t.co/c2uIa7mndP,positive
222,762743923697672192,2016-08-08 20:14:57.000000,realDonaldTrump,"RT @NFIB: .@NFIB encouraged by @realDonaldTrump‚Äôs #taxplan, says #smallbiz would benefit from lower tax rate: https://t.co/JCQCvXj9WC",positive
223,762669882571980801,2016-08-08 15:20:44.000000,realDonaldTrump,My economic policy speech will be carried live at 12:15 P.M. Enjoy!,neutral
224,762641595439190016,2016-08-08 13:28:20.000000,realDonaldTrump,"Join me in Fayetteville, North Carolina tomorrow evening at 6pm. Tickets now available at: https://t.co/Z80d4MYIg8",neutral
225,762439658911338496,2016-08-08 00:05:54.000000,realDonaldTrump,"#ICYMI: ""Will Media Apologize to Trump?"" https://t.co/ia7rKBmioA",neutral
226,762425371874557952,2016-08-07 23:09:08.000000,realDonaldTrump,"Michael Morell, the lightweight former Acting Director of C.I.A., and a man who has made serious bad calls, is a total Clinton flunky!",negative
227,762400869858115588,2016-08-07 21:31:46.000000,realDonaldTrump,"The media is going crazy. They totally distort so many things on purpose. Crimea, nuclear, ""the baby"" and so much more. Very dishonest!",negative
228,762399410940706816,2016-08-07 21:25:58.000000,realDonaldTrump,RT @DRUDGE_REPORT: CLINTON EMAIL LED TO EXECUTION IN IRAN? https://t.co/4rY1faptL6,negative
229,762284533341417472,2016-08-07 13:49:29.000000,realDonaldTrump,I see where Mayor Stephanie Rawlings-Blake of Baltimore is pushing Crooked hard. Look at the job she has done in Baltimore. She is a joke!,negative
230,762110918721310721,2016-08-07 02:19:37.000000,realDonaldTrump,"Thank you Windham, New Hampshire! #TrumpPence16 #MAGA https://t.co/ZL4Q01Q49s",positive
231,762106904436961280,2016-08-07 02:03:39.000000,realDonaldTrump,.@Larry_Kudlow - 'Donald Trump Is the middle-class growth candidate'https://t.co/YbqkhWNm0g,positive
232,762104411707568128,2016-08-07 01:53:45.000000,realDonaldTrump,"I am not just running against Crooked Hillary Clinton, I am running against the very dishonest and totally biased media - but I will win!",negative
233,762016426102296576,2016-08-06 20:04:08.000000,realDonaldTrump,#CrookedHillary is not fit to be our next president! #TrumpPence16 https://t.co/I0zJO2sZKk,negative
234,761988164382756864,2016-08-06 18:11:50.000000,realDonaldTrump,"Heading to New Hampshire - will be talking about Hillary saying her brain SHORT CIRCUITED, and other things!",negative
235,761936929902452740,2016-08-06 14:48:14.000000,realDonaldTrump,"Anybody whose mind ""SHORT CIRCUITS"" is not fit to be our president! Look up the word ""BRAINWASHED.""",negative
236,761931010548305920,2016-08-06 14:24:43.000000,realDonaldTrump,"Crooked Hillary said loudly, and for the world to see, that she ""SHORT CIRCUITED"" when answering a question on her e-mails. Very dangerous!",negative
237,761892829434183684,2016-08-06 11:53:00.000000,realDonaldTrump,Hillary Clinton is being badly criticized for her poor performance in answering questions. Let us all see what happens!,negative
238,761773576101953536,2016-08-06 03:59:08.000000,realDonaldTrump,Good luck #TeamUSA#OpeningCeremony #Rio2016 https://t.co/mS8qsQpJPh,positive
239,761757988516401153,2016-08-06 02:57:11.000000,realDonaldTrump,'Trump is right about violent crime: It‚Äôs on the rise in major cities'https://t.co/XbnZ5vktGk,negative
240,761754898602061824,2016-08-06 02:44:55.000000,realDonaldTrump,"Thank you Green Bay, Wisconsin! Governor @Mike_Pence and I will be back soon. #TrumpPence16 #MAGA https://t.co/qsYbyrm3UR",positive
241,761711856457125888,2016-08-05 23:53:53.000000,realDonaldTrump,DON'T LET HILLARY CLINTON DO IT AGAIN!#TrumpPence16https://t.co/1mGkPNZPKF,negative
242,761693803120041986,2016-08-05 22:42:08.000000,realDonaldTrump,"Thank you Des Moines, Iowa! Governor @Mike_Pence and I appreciate your support! #MAGA #TrumpTrain https://t.co/gr6tGqqmcm",positive
243,761653875413618689,2016-08-05 20:03:29.000000,realDonaldTrump,#MakeAmericaSafeAgain https://t.co/5yuLKyh8Q6,positive
244,761645207909568512,2016-08-05 19:29:02.000000,realDonaldTrump,RT @DRUDGE_REPORT: FORMER HOSTAGE SAYS PLANE WAITED UNTIL MONEY ARRIVED... https://t.co/Uo0MS6w9OQ,negative
245,761645187986620416,2016-08-05 19:28:58.000000,realDonaldTrump,RT @DRUDGE_REPORT: 'Win-lose deal that benefits Iran and hurts United States'... https://t.co/zqpeNCouXc,negative
246,761549461893984256,2016-08-05 13:08:35.000000,realDonaldTrump,Hillary Clinton has bad judgment and is unfit to serve as President.https://t.co/3EzG620fpT,negative
247,761511930238496772,2016-08-05 10:39:27.000000,realDonaldTrump,"The plane I saw on television was the hostage plane in Geneva, Switzerland, not the plane carrying $400 million in cash going to Iran!",negative
248,761386080272875520,2016-08-05 02:19:22.000000,realDonaldTrump,President Obama refuses to answer question about Iran terror funding.  I won't dodge questions as your President. https://t.co/jsAMGO3s4P,negative
249,761386025323225088,2016-08-05 02:19:08.000000,realDonaldTrump,"Obama's disastrous judgment gave us ISIS, rise of Iran, and the worst economic numbers since the Great Depression!",negative
250,761385812390977536,2016-08-05 02:18:18.000000,realDonaldTrump,President Obama should ask the DNC about how they rigged the election against Bernie.,negative
251,761385317169496064,2016-08-05 02:16:20.000000,realDonaldTrump,"See you tomorrow w/ Gov. @Mike_Pence, Iowa &amp; Wisconsin! 3pm- https://t.co/3Hcnzj0Slx7pm- https://t.co/sEwLWkn1Sz https://t.co/UODSMp0oTo",neutral
252,761331433810132992,2016-08-04 22:42:13.000000,realDonaldTrump,"Thank you Portland, Maine! #MakeAmericaGreatAgain https://t.co/oVfF28rWL5 https://t.co/RhblAXkNPw",positive
253,761281473492189184,2016-08-04 19:23:41.000000,realDonaldTrump,Happy 226th Birthday to the United States Coast Guard. Thank you @USCG! #CoastGuardDay https://t.co/hr4O8Xgq2R,positive
254,761279538106097664,2016-08-04 19:16:00.000000,realDonaldTrump,"Great meeting all of you. This group knocked on 50K doors &amp; counting here in Maine, thank you! @MaineGOP  https://t.co/Iui1F2z9ca",positive
255,761219396635361280,2016-08-04 15:17:01.000000,realDonaldTrump,"Looking forward to IA &amp; WI with Gov. Pence, tomorrow. Join us! #MAGAhttps://t.co/3Hcnzj0Slxhttps://t.co/sEwLWkn1Sz https://t.co/0Ei3EdQdXB",positive
256,761025834350018561,2016-08-04 02:27:52.000000,realDonaldTrump,"Thank you Jacksonville, Florida!#MakeAmericaGreatAgain https://t.co/xrTQjt9WOC https://t.co/VSnBoQYoZs",positive
257,760976212068106240,2016-08-03 23:10:41.000000,realDonaldTrump,Thank you for your support of my candidacy! #MAGA #ImWithYou https://t.co/Al5bZlRFYk,positive
258,760960985524043777,2016-08-03 22:10:11.000000,realDonaldTrump,"Thank you to the amazing law enforcement officers today- in Daytona Beach, Florida! #LESM #MAGA https://t.co/QoxJf4Xzbc",positive
259,760957697579708416,2016-08-03 21:57:07.000000,realDonaldTrump,"THANK YOU Daytona Beach, Florida!#MakeAmericaGreatAgain https://t.co/IAcLfXe463",positive
260,760888078605090821,2016-08-03 17:20:29.000000,realDonaldTrump,"RT @mike_pence: Join me in Colorado, today! Look forward to seeing you!Denver- 2pmhttps://t.co/8VbvJYDa4FColorado Springs- 6pmhttps:/‚Ä¶",positive
261,760783130978648064,2016-08-03 10:23:27.000000,realDonaldTrump,"Our incompetent Secretary of State, Hillary Clinton, was the one who started talks to give 400 million dollars, in cash, to Iran. Scandal!",negative
262,760765818917515264,2016-08-03 09:14:40.000000,realDonaldTrump,"There is great unity in my campaign, perhaps greater than ever before. I want to thank everyone for your tremendous support. Beat Crooked H!",positive
263,760669268539301889,2016-08-03 02:51:00.000000,realDonaldTrump,Great day in Virginia. Crowd was fantastic!,positive
264,760594155835887616,2016-08-02 21:52:32.000000,realDonaldTrump,My daughter @IvankaTrump will be on @Greta tonight at 7pm. Enjoy! https://t.co/QySC5PLFMy,positive
265,760560366447370241,2016-08-02 19:38:16.000000,realDonaldTrump,Report raises questions about ‚ÄòClinton Cash‚Äô from Russians during ‚Äòreset' https://t.co/vVcAzY2zcp,neutral
266,760552601356267520,2016-08-02 19:07:25.000000,realDonaldTrump,President Obama will go down as perhaps the worst president in the history of the United States!,negative
267,760550754692263936,2016-08-02 19:00:04.000000,realDonaldTrump,RT @gatewaypundit: Democrat Fire Marshal Turns THOUSANDS of Trump Supporters Away at Columbus Rally https://t.co/TO8oE5cv8Z via @gatewaypun‚Ä¶,neutral
268,760542646888652804,2016-08-02 18:27:51.000000,realDonaldTrump,"#ICYMI: John Podesta‚Äôs Brother Pocketed $180,000 from Putin‚Äôs Uranium Company: https://t.co/d0LfyiBlvX https://t.co/I5fF3didZs",negative
269,760538951581130754,2016-08-02 18:13:10.000000,realDonaldTrump,#CrookedHillary https://t.co/xe0I0EmxMa,negative
270,760535661699035136,2016-08-02 18:00:06.000000,realDonaldTrump,Join me in Florida tomorrow! #MakeAmericaGreatAgain Daytona | 3pm- https://t.co/jbOS2s4qGIJacksonville | 7pm- https://t.co/XSF1kp7R54,positive
271,760532443061420033,2016-08-02 17:47:19.000000,realDonaldTrump,STATEMENT IN RESPONSE TO PRESIDENT OBAMA'S FAILED LEADERSHIP: https://t.co/SPgFIFuSO7,negative
272,760519847461658624,2016-08-02 16:57:16.000000,realDonaldTrump,Thank you Virginia! #ImWithYou https://t.co/9inCh1BVwM,positive
273,760420894271471620,2016-08-02 10:24:03.000000,realDonaldTrump,The Washington Post calls out #CrookedHillary for what she REALLY is. A PATHOLOGICAL LIAR! Watch that nose grow! https://t.co/FsrUGByuuD,negative
274,760299757206208512,2016-08-02 02:22:42.000000,realDonaldTrump,Great afternoon in Ohio &amp; a great evening in Pennsylvania - departing now. See you tomorrow Virginia! https://t.co/jQTQYBFpdb,positive
275,760293742381244416,2016-08-02 01:58:48.000000,realDonaldTrump,"Just leaving Mechanicsburg, PA. Incredible crowd-- so enthusiastic! Will be back soon. #MAGA https://t.co/RbuXfDZ5w9",positive
276,760289166324215808,2016-08-02 01:40:37.000000,realDonaldTrump,"RT @DanScavino: .@realDonaldTrump stops by overflow room in Mechanicsburg, Pennsylvania- prior to main rally. #TrumpMovement #MAGAüá∫üá∏ https:‚Ä¶",neutral
277,760287440435187712,2016-08-02 01:33:45.000000,realDonaldTrump,Vast numbers of manufacturing jobs in Pennsylvania have moved to Mexico and other countries. That will end when I win!,negative
278,760255085561597952,2016-08-01 23:25:11.000000,realDonaldTrump,"Thanks to @pnehlen for your kind words, very much appreciated.",positive
279,760249495754006528,2016-08-01 23:02:59.000000,realDonaldTrump,Join me in Florida on Wednesday! Daytona &amp; Jacksonville:Daytona | 3pm- https://t.co/rJjYUbwiLLJacksonville | 7pm- https://t.co/zfxeNbr1nq,neutral
280,760247348673077248,2016-08-01 22:54:27.000000,realDonaldTrump,"During the GOP convention, CNN cut away from the victims of illegal immigrant violence. They don‚Äôt want them heard. https://t.co/EHRiLkQDWD",negative
281,760246898095775744,2016-08-01 22:52:39.000000,realDonaldTrump,When will CNN do a segment on Hillary‚Äôs plan to increase Syrian refugees 550% and how much it will cost?,negative
282,760246732152311808,2016-08-01 22:52:00.000000,realDonaldTrump,Hillary Clinton raked in money from regimes that horribly oppress women and gays &amp; refuses to speak out against Radical Islam.,negative
283,760245342231158785,2016-08-01 22:46:28.000000,realDonaldTrump,"Hillary, whose decisions have led to the deaths of many, accepted $ from a business linked to ISIS. Silence at CNN. https://t.co/gJYSSXtpaz",negative
284,760229355784138752,2016-08-01 21:42:57.000000,realDonaldTrump,Crooked Hillary Clinton is 100% owned by her donors. #ImWithYou #MAGA https://t.co/iYM3CCWS2z,negative
285,760214225830772737,2016-08-01 20:42:50.000000,realDonaldTrump,"Thank you Columbus, Ohio! I will be back soon. #ImWithYou #MAGA https://t.co/vMf1EPJp4r",positive
286,760213628926779392,2016-08-01 20:40:27.000000,realDonaldTrump,Thank you Oklahoma &amp; Virginia! #MakeAmericaGreatAgain #ImWithYou https://t.co/WUdY7feRvV,positive
287,760185303483187201,2016-08-01 18:47:54.000000,realDonaldTrump,People believe CNN these days almost as little as they believe Hillary....that's really saying something!,negative
288,760185067054465024,2016-08-01 18:46:58.000000,realDonaldTrump,"The people who support Hillary sit behind CNN anchor chairs, or headline fundraisers - those disconnected from real life.",negative
289,760184664468418560,2016-08-01 18:45:22.000000,realDonaldTrump,Will CNN send its cameras to the border to show the massive unreported crisis now unfolding -- or are they worried it will hurt Hillary?,negative
290,760184336603811842,2016-08-01 18:44:04.000000,realDonaldTrump,When will we see stories from CNN on Clinton Foundation corruption and Hillary's pay-for-play at State Department?,negative
291,760184176591208448,2016-08-01 18:43:25.000000,realDonaldTrump,"CNN anchors are completely out of touch with everyday people worried about rising crime, failing schools and vanishing jobs.",negative
292,760184028293173248,2016-08-01 18:42:50.000000,realDonaldTrump,CNN will soon be the least trusted name in news if they continue to be the press shop for Hillary Clinton.,negative
293,760126146830794753,2016-08-01 14:52:50.000000,realDonaldTrump,"Join Governor Mike Pence in Reno, Nevada- tonight at 7pm! Tickets available at: https://t.co/4nLjRGyFYw",neutral
294,760125021280960512,2016-08-01 14:48:22.000000,realDonaldTrump,#CrookedHillary https://t.co/oHI6xrDJU0,negative
295,760098514319835136,2016-08-01 13:03:02.000000,realDonaldTrump,"So with all of the Obama tough talk on Russia and the Ukraine, they have already taken Crimea and continue to push. That's what I said!",neutral
296,760095370185674752,2016-08-01 12:50:32.000000,realDonaldTrump,"When I said in an interview that Putin is ""not going into Ukraine, you can mark it down,"" I am saying if I am President. Already in Crimea!",neutral
297,760074526059270144,2016-08-01 11:27:43.000000,realDonaldTrump,"This story is not about Mr. Khan, who is all over the place doing interviews, but rather RADICAL ISLAMIC TERRORISM and the U.S. Get smart!",negative
298,760070280932982784,2016-08-01 11:10:51.000000,realDonaldTrump,"Mr. Khan, who does not know me, viciously attacked me from the stage of the DNC and is now all over T.V. doing the same - Nice!",negative
299,759915863600304128,2016-08-01 00:57:15.000000,realDonaldTrump,"Wow, it is unbelievable how distorted, one-sided and biased the media is against us. The failing @nytimes is a joke. @CNN is laughable!",negative
300,759848885900763141,2016-07-31 20:31:06.000000,realDonaldTrump,"""@RealJamesWoods:  Without absolutely OWNING the liberal media, HillaryClinton wouldn't stand a chance. #VoterFraud and #MSM her only hope.""",negative
301,759843323909668865,2016-07-31 20:09:00.000000,realDonaldTrump,"The dishonest media is fawning over the Democratic Convention. I wonder why, then, my speech had millions of more viewers than Crooked H?",negative
302,759743648573435905,2016-07-31 13:32:55.000000,realDonaldTrump,"I was viciously attacked by Mr. Khan at the Democratic Convention. Am I not allowed to respond? Hillary voted for the Iraq war, not me!",negative
303,759734698415312897,2016-07-31 12:57:21.000000,realDonaldTrump,"Captain Khan, killed 12 years ago, was a hero, but this is about RADICAL ISLAMIC TERROR and the weakness of our ""leaders"" to eradicate it!",negative
304,759592590106849280,2016-07-31 03:32:40.000000,realDonaldTrump,Nielson Media Research final numbers on ACCEPTANCE SPEECH: TRUMP  32.2 MILLION.  CLINTON 27.8 MILLION.  Thank you!,positive
305,759524001613918208,2016-07-30 23:00:07.000000,realDonaldTrump,Thank you to all of the television viewers that made my speech at the Republican National Convention #1 over Crooked Hillary and DEMS.,positive
306,759516008272932864,2016-07-30 22:28:22.000000,realDonaldTrump,Can you imagine if I had the small crowds that Hillary is drawing today in Pennsylvania. It would be a major media event! @CNN @FoxNews,positive
307,759515080010719232,2016-07-30 22:24:40.000000,realDonaldTrump,NATO commander agrees members should pay up via @dcexaminer:https://t.co/VZLDFy707K,neutral
308,759513644258525184,2016-07-30 22:18:58.000000,realDonaldTrump,"Wow, NATO's top commander just announced that he agrees with me that alliance members must PAY THEIR BILLS. This is a general I will like!",positive
309,759512042906587137,2016-07-30 22:12:36.000000,realDonaldTrump,"The ""Rust Belt"" was created by politicians like the Clintons who allowed our jobs to be stolen from us by other countries like Mexico. END!",negative
310,759509936002957314,2016-07-30 22:04:14.000000,realDonaldTrump,"Crooked's stop in Johnstown, Pennsylvania, where jobs have been absolutely decimated by dumb politicians, drew less than 200 - with Bill, VP",negative
311,759507812963737600,2016-07-30 21:55:48.000000,realDonaldTrump,"#CrookedHillary = Obama's third term, which would be terrible news for our economic growth - seen below. https://t.co/y9WJoUaaql",negative
312,759506712516784128,2016-07-30 21:51:25.000000,realDonaldTrump,Word is that Crooked Hillary has very small and unenthusiastic crowds in Pennsylvania. Perhaps it is because her husband signed NAFTA?,negative
313,759479059046883328,2016-07-30 20:01:32.000000,realDonaldTrump,"I turned down a meeting with Charles and David Koch. Much better for them to meet with the puppets of politics, they will do much better!",negative
314,759477522232901632,2016-07-30 19:55:26.000000,realDonaldTrump,"Why doesn't the media want to report that on the two ""Big Thursdays"" when Crooked Hillary and I made our speeches - Republican's won ratings",negative
315,759457253925785604,2016-07-30 18:34:54.000000,realDonaldTrump,#CrookedHillary https://t.co/xyoPFJmByp,negative
316,759450265208651776,2016-07-30 18:07:07.000000,realDonaldTrump,"Crooked Hillary Clinton is soft on crime, supports open borders, and wants massive tax hikes. A formula for disaster!",negative
317,759450053379579905,2016-07-30 18:06:17.000000,realDonaldTrump,"Violent crime is rising across the United States, yet the DNC convention ignored it. Crime reduction will be one of my top priorities.",negative
318,759425642723246084,2016-07-30 16:29:17.000000,realDonaldTrump,Just got back from Colorado. The love and enthusiasm at two rallies was incredible. Big crowds!,positive
319,759393092554424320,2016-07-30 14:19:56.000000,realDonaldTrump,While I am in OH &amp; PA - you can also join @Mike_Pence in Nevada on Mon!Carson City: https://t.co/28G3RVbFsnReno: https://t.co/4nLjRGyFYw,neutral
320,759389559385952257,2016-07-30 14:05:54.000000,realDonaldTrump,"Join me Monday in Columbus, Ohio &amp; Harrisburg, Pennsylvania! #MAGA3pm in OH: https://t.co/DDg0AUsqRq7pm in PA: https://t.co/VmSLBvL43l",neutral
321,759381869267980288,2016-07-30 13:35:20.000000,realDonaldTrump,American homeownership rate in Q2 2016 was 62.9% - lowest rate in 51yrs. WE will bring back the  'American Dream!' https://t.co/yI4Q8FHRjp,neutral
322,759372422692954112,2016-07-30 12:57:48.000000,realDonaldTrump,We are suffering through the worst long-term unemployment in the last 70 years. I want change - Crooked Hillary Clinton does not.,negative
323,759371648764108801,2016-07-30 12:54:44.000000,realDonaldTrump,"Hillary can never win over Bernie supporters. Her foreign wars, NAFTA/TPP support &amp; Wall Street ties are driving away millions of votes.",negative
324,759371377002553344,2016-07-30 12:53:39.000000,realDonaldTrump,"Colorado was amazing yesterday! So much support. Our tax, trade and energy reforms will bring great jobs to Colorado and the whole country.",positive
325,759282300135809024,2016-07-30 06:59:41.000000,realDonaldTrump,"""@patrioticpepe: @realDonaldTrump ONLY TRUMP CAN UNITE AMERICA AND FIX OBAMA'S MISTAKES!!! #Trump2016 https://t.co/yB72Bm2muM""",positive
326,759227755494072320,2016-07-30 03:22:57.000000,realDonaldTrump,"Thank you Denver, Colorado! #MakeAmericaGreatAgain! https://t.co/1KHrLdkOyW",positive
327,759222916387069952,2016-07-30 03:03:43.000000,realDonaldTrump,"As usual, Hillary &amp; the Dems are trying to rig the debates so 2 are up against major NFL games. Same as last time w/ Bernie. Unacceptable!",negative
328,759192213234393088,2016-07-30 01:01:43.000000,realDonaldTrump,#CrookedHillary Job Application https://t.co/CKXkAlGSiV,negative
329,759191265988653056,2016-07-30 00:57:57.000000,realDonaldTrump,Hillary Clinton should not be given national security briefings in that she is a lose cannon with extraordinarily bad judgement &amp; insticts.,negative
330,759185456818860032,2016-07-30 00:34:52.000000,realDonaldTrump,Thank you to the amazing law enforcement officers in Colorado!#MakeAmericaGreatAgain #LESM https://t.co/glxTQYAQiN,positive
331,759152897602916352,2016-07-29 22:25:29.000000,realDonaldTrump,Thank you Colorado Springs. Get out &amp; VOTE #TrumpPence16 in November! https://t.co/wK02fWzJey,positive
332,759117301517996032,2016-07-29 20:04:03.000000,realDonaldTrump,"""Only a Reagan or a Trump-like figure in the White House will achieve this goal."" https://t.co/6a7Ef12giZ",positive
333,759093740497764353,2016-07-29 18:30:25.000000,realDonaldTrump,"Even Bill is tired of the lies, SAD! https://t.co/LPk1OkwH9P",negative
334,759088844683608064,2016-07-29 18:10:58.000000,realDonaldTrump,Join me in Colorado Springs at 2pm- or in Denver tonight at 7pm!Colorado Springs: https://t.co/HgFW7IRtz9Denver: https://t.co/aE5P9jNcFC,neutral
335,759084522705068032,2016-07-29 17:53:47.000000,realDonaldTrump,What Bernie Sanders really thinks of Crooked Hillary Clinton. https://t.co/VgMaAsZBep,negative
336,759082026687352834,2016-07-29 17:43:52.000000,realDonaldTrump,"I am watching Crooked Hillary speak. Same old stuff, our country needs change!",negative
337,759071976182861824,2016-07-29 17:03:56.000000,realDonaldTrump,"Wow, my campaign is hearing from more and more Bernie supporters that they will NEVER support Crooked Hillary. She sold them out, V.P. pick!",negative
338,759070976181084160,2016-07-29 16:59:58.000000,realDonaldTrump,In Hillary Clinton's America - things get worse. #TrumpPence16 https://t.co/WdHbnhhCbW,negative
339,759070106546638849,2016-07-29 16:56:30.000000,realDonaldTrump,The dishonest media didn't mention that Bernie Sanders was very angry looking during Crooked's speech. He wishes he didn't make that deal!,negative
340,759064533814038528,2016-07-29 16:34:22.000000,realDonaldTrump,Thank you! Facebook: https://t.co/nmlRJqzA7SInstagram: https://t.co/5gDeluaBXG https://t.co/Pw7GS8R9Gg,positive
341,759029315006705664,2016-07-29 14:14:25.000000,realDonaldTrump,"Crooked Hillary said that I ""couldn't handle the rough and tumble of a political campaign."" Really,I just beat 16 people and am beating her!",negative
342,759027356434518016,2016-07-29 14:06:38.000000,realDonaldTrump,"If Michael Bloomberg ran again for Mayor of New York, he wouldn't get 10% of the vote - they would run him out of town!  #NeverHillary",negative
343,759025610249216000,2016-07-29 13:59:42.000000,realDonaldTrump,"""Little"" Michael Bloomberg, who never had the guts to run for president, knows nothing about me. His last term as Mayor was a disaster!",negative
344,759024055123009536,2016-07-29 13:53:31.000000,realDonaldTrump,"General John Allen, who I never met but spoke against me last night, failed badly in his fight against ISIS. His record = BAD  #NeverHillary",negative
345,759021886055387136,2016-07-29 13:44:54.000000,realDonaldTrump,Crooked Hillary Clinton mentioned me 22 times in her very long and very boring speech. Many of her statements were lies and fabrications!,negative
346,759017481633542145,2016-07-29 13:27:24.000000,realDonaldTrump,Join @mike_pence at the University of Northwestern Ohio- tonight at 7pm. Tickets: https://t.co/DvP8p7ueNU,neutral
347,759014707277598720,2016-07-29 13:16:22.000000,realDonaldTrump,"""@AnnCoulter: ""I believe in science"" Dem code for ""we're shutting down coal mines, steel plants and any other remaining manufacturing""""",negative
348,759013928315686917,2016-07-29 13:13:16.000000,realDonaldTrump,CAMPAIGN STATEMENT: https://t.co/RNW3ED2ifR,neutral
349,759013889761697794,2016-07-29 13:13:07.000000,realDonaldTrump,"Two policemen just shot in San Diego, one dead. It is only getting worse. People want LAW AND ORDER!",negative
350,759008377577967616,2016-07-29 12:51:13.000000,realDonaldTrump,"Crooked Hillary Clinton made up facts about me, and ""forgot"" to mention the many problems of our country, in her very average scream!",negative
351,759005597899436032,2016-07-29 12:40:10.000000,realDonaldTrump,The media coverage this morning of the very average Clinton speech and Convention is a joke. @CNN and the little watched @Morning_Joe = SAD!,1
352,758874457142284288,2016-07-29 03:59:04.000000,realDonaldTrump,No one has worse judgement than Hillary Clinton - corruption and devastation follows her wherever she goes.,1
353,758873961425805312,2016-07-29 03:57:06.000000,realDonaldTrump,"Hillary's wars in the Middle East have unleashed destruction, terrorism and ISIS across the world.",1
354,758873275044798464,2016-07-29 03:54:22.000000,realDonaldTrump,"Hillary's vision is a borderless world where working people have no power, no jobs, no safety.",1
355,758872873234681860,2016-07-29 03:52:46.000000,realDonaldTrump,Hillary will never reform Wall Street. She is owned by Wall Street!,1
356,758872422028148740,2016-07-29 03:50:59.000000,realDonaldTrump,Our way of life is under threat by Radical Islam and Hillary Clinton cannot even bring herself to say the words.,1
357,758871653547806724,2016-07-29 03:47:56.000000,realDonaldTrump,"Hillary's refusal to mention Radical Islam, as she pushes a 550% increase in refugees, is more proof that she is unfit to lead the country.",1
358,758851150175055874,2016-07-29 02:26:27.000000,realDonaldTrump,"Departing now - thank you Cedar Rapids, Iowa. This is a MOVEMENT! https://t.co/ezrqVqPtta",1
359,758802697763958784,2016-07-28 23:13:55.000000,realDonaldTrump,#CrookedHillary https://t.co/JeXFnO6e3s,1
360,758778607489708032,2016-07-28 21:38:12.000000,realDonaldTrump,"""Dems warn not to underestimate Trump's potential win""https://t.co/X3xHtjhHpB",1
361,758771144140820481,2016-07-28 21:08:32.000000,realDonaldTrump,Great to be back in Iowa! #TBT with @JerryJrFalwell joining me in Davenport- this past winter. #MAGA https://t.co/A5IF0QHnic,1
362,758768028595032064,2016-07-28 20:56:09.000000,realDonaldTrump,Median household income is down for the middle class since Obama took office. It will only go further down under Clinton.,1
363,758761945910669312,2016-07-28 20:31:59.000000,realDonaldTrump,"A vote for Clinton-Kaine is a vote for TPP, NAFTA, high taxes, radical regulation, and massive influx of refugees.",1
364,758761521317023744,2016-07-28 20:30:18.000000,realDonaldTrump,AMERICA'S FUTUREhttps://t.co/xymiA0Az7x,1
365,758732782348623874,2016-07-28 18:36:06.000000,realDonaldTrump,Bernie caved! https://t.co/xtcOnA8cw1,1
366,758731880183193601,2016-07-28 18:32:31.000000,realDonaldTrump,"""@LallyRay: Poll: Donald Trump Sees 17-Point Positive Swing in Two Weeks - Breitbart https://t.co/bVAj52fA3Y @realdonaldtrump""  Great!",1
367,758690714268143616,2016-07-28 15:48:56.000000,realDonaldTrump,"RT @mike_pence: Good morning! Join me in Lima, Ohio - tomorrow evening at 7pm. #MAGATickets: https://t.co/sNfhyGeaAH",1
368,758685974637473793,2016-07-28 15:30:06.000000,realDonaldTrump,"RT @piersmorgan: Trump makes a funny, obvious joke about Russia going after Hillary's emails &amp; U.S. media goes insane with fury.He plays t‚Ä¶",1
369,758681061786263552,2016-07-28 15:10:35.000000,realDonaldTrump,RT @DRUDGE_REPORT: Obama Refers to Himself 119 Times During Hillary Nominating Speech... https://t.co/TyJI2DuqEk,1
370,758680707979943937,2016-07-28 15:09:11.000000,realDonaldTrump,President Obama spoke last night about a world that doesn‚Äôt exist. 70% of the people think our country is going in the wrong direction. #DNC,1
371,758512401629192192,2016-07-28 04:00:23.000000,realDonaldTrump,"""@trumplican2016: @realDonaldTrump @DavidWohl stay the course mr trump your message is resonating with the PEOPLE""",1
372,758511494669664256,2016-07-28 03:56:47.000000,realDonaldTrump,"""@DavidWohl: Barack is offended that @realDonaldTrump will demand that #NATO allies pay their fair share. #DemsInPhilly""",1
373,758492727583576064,2016-07-28 02:42:13.000000,realDonaldTrump,"Our country does not feel 'great already' to the millions of wonderful people living in poverty, violence and despair.",1
374,758491947409481728,2016-07-28 02:39:07.000000,realDonaldTrump,Shooting deaths of police officers up 78% this year. We must restore law and order and protect our great law enforcement officers!,1
375,758452289376022529,2016-07-28 00:01:31.000000,realDonaldTrump,"Join me live in Toledo, Ohio!#MakeAmericaGreatAgainhttps://t.co/ruEvMGx4C9",1
376,758422125254471680,2016-07-27 22:01:40.000000,realDonaldTrump,#CrookedHillary https://t.co/lwi9gqDEHE,1
377,758421383063961604,2016-07-27 21:58:43.000000,realDonaldTrump,Thank you Pennsylvania!#MakeAmericaGreatAgain https://t.co/bbv3EhGs5x https://t.co/bbroAGTdMw,1
378,758380358874247168,2016-07-27 19:15:42.000000,realDonaldTrump,Thank you to our amazing law enforcement officers! #MAGA https://t.co/UEZorOQhTw,1
379,758367154232320000,2016-07-27 18:23:14.000000,realDonaldTrump,"""Trump right: Illegal families crossing border set to double, 51,152 so far""https://t.co/1noCe9W6Ru",1
380,758350470402408449,2016-07-27 17:16:56.000000,realDonaldTrump,Great new poll - thank you!#MakeAmericaGreatAgain https://t.co/mXovx0TLPC,1
381,758335147183788032,2016-07-27 16:16:02.000000,realDonaldTrump,"If Russia or any other country or person has Hillary Clinton's 33,000 illegally deleted emails, perhaps they should share them with the FBI!",1
382,758331893809090560,2016-07-27 16:03:07.000000,realDonaldTrump,"Join our next Vice President, @Mike_Pence in Wisconsin tonight &amp; Michigan Thursday!MI: https://t.co/daR2xIhCEsWI: https://t.co/LKc7e4VZkB",1
383,758286077400580096,2016-07-27 13:01:03.000000,realDonaldTrump,Not one American flag on the massive stage at the Democratic National Convention until people started complaining-then a small one. Pathetic,1
384,758285141982711808,2016-07-27 12:57:20.000000,realDonaldTrump,"Our not very bright Vice President, Joe Biden, just stated that I wanted to ""carpet bomb"" the enemy. Sorry Joe, that was Ted Cruz!",1
385,758242674646323200,2016-07-27 10:08:35.000000,realDonaldTrump,Crooked Hillary Clinton wants to flood our country with Syrian immigrants that we know little or nothing about. The danger is massive. NO!,1
386,758240929564258305,2016-07-27 10:01:39.000000,realDonaldTrump,Hopefully the violent and vicious killing by ISIS of a beloved French priest is causing people to start thinking rationally. Get tough!,1
387,758238226180083712,2016-07-27 09:50:55.000000,realDonaldTrump,The Democratic Convention has paid ZERO respect to the great police and law enforcement professionals of our country. No recognition - SAD!,1
388,758236300554174465,2016-07-27 09:43:16.000000,realDonaldTrump,"Funny how the failing @nytimes is pushing Dems narrative that Russia is working for me because Putin said ""Trump is a genius."" America 1st!",1
389,758233935230959617,2016-07-27 09:33:52.000000,realDonaldTrump,"As I have been saying, Crooked Hillary will approve the job killing TPP after the election, despite her statements to the contrary: top adv.",1
390,758135085820416000,2016-07-27 03:01:04.000000,realDonaldTrump,"Just like I have warned from the beginning, Crooked Hillary Clinton will betray you on the TPP. https://t.co/eoNTWK6I8y",1
391,758122684798607360,2016-07-27 02:11:47.000000,realDonaldTrump,Many of Bernie's supporters have left the arena. Did Bernie go home and go to sleep?,1
392,758121939365982208,2016-07-27 02:08:50.000000,realDonaldTrump,"I hate to say it, but the Republican Convention was far more interesting (with a much more beautiful set) than the Democratic Convention!",1
393,758120321845235712,2016-07-27 02:02:24.000000,realDonaldTrump,"No matter what Bill Clinton says and no matter how well he says it, the phony media will exclaim it to be incredible. Highly overrated!",1
394,758117640200187905,2016-07-27 01:51:45.000000,realDonaldTrump,"You have no idea what my strategy on ISIS is, and neither does ISIS (a good thing). Please get your facts straight - thanks. @megynkelly",1
395,758071952498159616,2016-07-26 22:50:12.000000,realDonaldTrump,"For the record, I have ZERO investments in Russia.",1
396,758071264128806912,2016-07-26 22:47:28.000000,realDonaldTrump,"In order to try and deflect the horror and stupidity of the Wikileakes disaster, the Dems said maybe it is Russia dealing with Trump. Crazy!",1
397,758030957530255360,2016-07-26 20:07:18.000000,realDonaldTrump,#CrookedHillary https://t.co/mSZYKnWswQ,1
398,758026136299397120,2016-07-26 19:48:08.000000,realDonaldTrump,Dems don't want to talk ISIS b/c Hillary's foreign interventions unleashed ISIS &amp; her refugee plans make it easier for them to come here.,1
399,758021060503756804,2016-07-26 19:27:58.000000,realDonaldTrump,"Bernie's exhausted, he just wants to shut down and go home to bed!",1
400,758020997383684096,2016-07-26 19:27:43.000000,realDonaldTrump,The invention of email has proven to be a very bad thing for Crooked Hillary in that it has proven her to be both incompetent and a liar!,1
